Randomized.csv,relief_ranking.csv,info_gain_ratio_ranking.csv,mrmr_ranking.csv,correlation_ranking.csv,Ensemble.csv,sym_uncertainty_ranking.csv,info_gain_ranking.csv
"(1, 0.4098201263976665)","(1, 0.583373845405931)","(1, 0.4654837141468158)","(1, 0.4654837141468158)","(1, 0.4654837141468158)","(1, 0.4654837141468158)","(1, 0.47715119105493436)","(1, 0.4654837141468158)"
"(2, 0.4268351968886729)","(2, 0.5301409820126398)","(2, 0.42416140009722897)","(2, 0.42416140009722897)","(2, 0.46208070004861446)","(2, 0.42416140009722897)","(2, 0.5466699076324745)","(2, 0.42416140009722897)"
"(3, 0.4647544968400584)","(3, 0.5782693242586291)","(3, 0.41808458920758385)","(3, 0.41808458920758385)","(3, 0.48298492950899363)","(3, 0.45211473018959647)","(3, 0.567087992221682)","(3, 0.41808458920758385)"
"(4, 0.49902771025765674)","(4, 0.6091395235780264)","(4, 0.44263490520175014)","(4, 0.44263490520175014)","(4, 0.4822557122022363)","(4, 0.44457948468643654)","(4, 0.5410792416140009)","(4, 0.44263490520175014)"
"(5, 0.48736023334953815)","(5, 0.624453087019932)","(5, 0.4800680602819641)","(5, 0.4800680602819641)","(5, 0.4732620320855615)","(5, 0.45770539620807)","(5, 0.5495867768595041)","(5, 0.4800680602819641)"
"(6, 0.5683033543996111)","(6, 0.5824015556635878)","(6, 0.5026737967914439)","(6, 0.5026737967914439)","(6, 0.46183762761302866)","(6, 0.4769081186193486)","(6, 0.539863879436072)","(6, 0.5026737967914439)"
"(7, 0.5658726300437531)","(7, 0.5828877005347595)","(7, 0.50753524550316)","(7, 0.50753524550316)","(7, 0.4761789013125911)","(7, 0.5029168692270298)","(7, 0.5617403986387944)","(7, 0.50753524550316)"
"(8, 0.5583373845405931)","(8, 0.5855614973262031)","(8, 0.5170150704910064)","(8, 0.5170150704910064)","(8, 0.4666990763247448)","(8, 0.4936801166747691)","(8, 0.574623237724842)","(8, 0.5170150704910064)"
"(9, 0.5709771511910549)","(9, 0.5821584832280019)","(9, 0.5269810403500244)","(9, 0.5269810403500244)","(9, 0.4941662615459407)","(9, 0.50753524550316)","(9, 0.5930967428293632)","(9, 0.5269810403500244)"
"(10, 0.5653864851725815)","(10, 0.5824015556635878)","(10, 0.5257656781720953)","(10, 0.5257656781720953)","(10, 0.4934370442391833)","(10, 0.5068060281964025)","(10, 0.6088964511424405)","(10, 0.5257656781720953)"
"(11, 0.5746232377248419)","(11, 0.563441905687895)","(11, 0.5252795333009237)","(11, 0.5252795333009237)","(11, 0.5041322314049587)","(11, 0.5004861448711716)","(11, 0.628099173553719)","(11, 0.5252795333009237)"
"(12, 0.5741370928536704)","(12, 0.5653864851725814)","(12, 0.5257656781720953)","(12, 0.5257656781720953)","(12, 0.514827418570734)","(12, 0.5544482255712202)","(12, 0.6084103062712688)","(12, 0.5257656781720953)"
"(13, 0.572192513368984)","(13, 0.5622265435099659)","(13, 0.5281964025279533)","(13, 0.5281964025279533)","(13, 0.5155566358774915)","(13, 0.5539620807000486)","(13, 0.61181332036947)","(13, 0.5281964025279533)"
"(14, 0.5641711229946523)","(14, 0.5605250364608654)","(14, 0.5068060281964026)","(14, 0.5068060281964026)","(14, 0.5029168692270296)","(14, 0.5622265435099659)","(14, 0.5999027710257657)","(14, 0.5068060281964026)"
"(15, 0.5605250364608654)","(15, 0.5580943121050073)","(15, 0.509965969859018)","(15, 0.509965969859018)","(15, 0.3932912007778318)","(15, 0.5899368011667477)","(15, 0.5916383082158484)","(15, 0.509965969859018)"
"(16, 0.5627126883811376)","(16, 0.5568789499270783)","(16, 0.5094798249878464)","(16, 0.5094798249878464)","(16, 0.39207583859990275)","(16, 0.5824015556635878)","(16, 0.5892075838599902)","(16, 0.5094798249878464)"
"(17, 0.5556635877491493)","(17, 0.5554205153135635)","(17, 0.513612056392805)","(17, 0.513612056392805)","(17, 0.36922702965483717)","(17, 0.5415653864851726)","(17, 0.5943121050072921)","(17, 0.513612056392805)"
"(18, 0.5517744287797763)","(18, 0.5461837627613029)","(18, 0.5051045211473019)","(18, 0.5051045211473019)","(18, 0.38308215848322796)","(18, 0.524793388429752)","(18, 0.5911521633446767)","(18, 0.5051045211473019)"
"(19, 0.5576081672338357)","(19, 0.5204180845892076)","(19, 0.5034030140982012)","(19, 0.5034030140982012)","(19, 0.3845405930967429)","(19, 0.5138551288283908)","(19, 0.5940690325717064)","(19, 0.5034030140982012)"
"(20, 0.5685464268351968)","(20, 0.5114244044725329)","(20, 0.513612056392805)","(20, 0.513612056392805)","(20, 0.3838113757899855)","(20, 0.5126397666504618)","(20, 0.5957705396208071)","(20, 0.513612056392805)"
